"File","Folder","Lines"
"app\agents\__init__.py","","0"
"app\agents\common\__init__.py","","0"
"app\agents\common\azure_client.py","","9"
"app\agents\common\json_parser.py","","12"
"app\agents\copilot\__init__.py","","0"
"app\agents\copilot\azure_openai_agent.py","","24"
"app\agents\copilot\base.py","","10"
"app\agents\copilot\factory.py","","7"
"app\agents\exception\__init__.py","","0"
"app\agents\exception\azure_openai_agent.py","","39"
"app\agents\exception\base.py","","11"
"app\agents\exception\factory.py","","7"
"app\agents\matching\__init__.py","","0"
"app\agents\matching\azure_openai_agent.py","","107"
"app\agents\matching\base.py","","13"
"app\agents\matching\factory.py","","7"
"app\agents\recommendation\__init__.py","","0"
"app\agents\recommendation\azure_openai_agent.py","","33"
"app\agents\recommendation\base.py","","9"
"app\agents\recommendation\factory.py","","7"
"app\ai\__init__.py","","0"
"app\ai\azure_openai_service.py","","27"
"app\api\ai.py","","98"
"app\api\audit.py","","37"
"app\api\auth.py","","52"
"app\api\cases.py","","160"
"app\api\dashboard.py","","85"
"app\api\exceptions.py","","79"
"app\api\files.py","","63"
"app\api\reconciliation.py","","73"
"app\api\reports.py","","57"
"app\api\settings.py","","56"
"app\api\transactions.py","","57"
"app\constants\__init__.py","","0"
"app\core\config.py","","19"
"app\core\dependencies.py","","81"
"app\core\security.py","","14"
"app\db\base.py","","28"
"app\db\database.py","","68"
"app\db\session.py","","16"
"app\dependencies\__init__.py","","0"
"app\exceptions\handlers.py","","22"
"app\jobs\__init__.py","","0"
"app\main.py","","63"
"app\mappers\__init__.py","","0"
"app\mappers\ai_mapper.py","","48"
"app\mappers\dashboard_mapper.py","","55"
"app\mappers\exception_mapper.py","","56"
"app\mappers\investigation_mapper.py","","96"
"app\mappers\reconciliation_mapper.py","","45"
"app\mappers\transaction_mapper.py","","43"
"app\mappers\upload_mapper.py","","29"
"app\middleware\__init__.py","","0"
"app\middleware\logging.py","","31"
"app\models\__init__.py","","18"
"app\models\ai_chat_history.py","","33"
"app\models\ai_insight.py","","54"
"app\models\attachment.py","","36"
"app\models\audit_log.py","","41"
"app\models\bank.py","","60"
"app\models\bank_transaction.py","","76"
"app\models\comment.py","","32"
"app\models\exception.py","","76"
"app\models\exchange_rate.py","","28"
"app\models\investigation_case.py","","92"
"app\models\organization.py","","36"
"app\models\payment_file.py","","80"
"app\models\payment_transaction.py","","92"
"app\models\reconciliation_result.py","","75"
"app\models\reconciliation_run.py","","65"
"app\models\system_setting.py","","29"
"app\models\user.py","","100"
"app\models\workflow_history.py","","48"
"app\parser\bank_parser.py","","48"
"app\parser\payment_file_parser.py","","13"
"app\parser\payment_parser.py","","48"
"app\reconciliation\matching_engine.py","","40"
"app\reconciliation\reconciliation_engine.py","","26"
"app\reconciliation\reconciliation_service.py","","46"
"app\reconciliation\rule_engine.py","","61"
"app\repositories\__init__.py","","0"
"app\repositories\ai_repository.py","","73"
"app\repositories\audit_repository.py","","41"
"app\repositories\auth_repository.py","","19"
"app\repositories\dashboard_repository.py","","121"
"app\repositories\exception_repository.py","","62"
"app\repositories\file_repository.py","","49"
"app\repositories\investigation_repository.py","","110"
"app\repositories\reconciliation_repository.py","","75"
"app\repositories\report_repository.py","","38"
"app\repositories\settings_repository.py","","58"
"app\repositories\transaction_repository.py","","48"
"app\schemas\__init__.py","","0"
"app\schemas\ai.py","","26"
"app\schemas\audit.py","","21"
"app\schemas\auth.py","","21"
"app\schemas\dashboard.py","","23"
"app\schemas\exception.py","","40"
"app\schemas\file.py","","17"
"app\schemas\investigation.py","","68"
"app\schemas\reconciliation.py","","32"
"app\schemas\report.py","","27"
"app\schemas\settings.py","","28"
"app\schemas\transaction.py","","40"
"app\schemas\user.py","","16"
"app\services\__init__.py","","0"
"app\services\ai_service.py","","185"
"app\services\audit_service.py","","59"
"app\services\auth_service.py","","83"
"app\services\dashboard_service.py","","25"
"app\services\exception_service.py","","109"
"app\services\file_service.py","","82"
"app\services\investigation_service.py","","221"
"app\services\reconciliation_service.py","","156"
"app\services\report_service.py","","41"
"app\services\settings_service.py","","100"
"app\services\transaction_service.py","","39"
"app\services\upload_service.py","","61"
"app\storage\__init__.py","","0"
"app\storage\azure_blob_service.py","","27"
"app\storage\azure_blob_storage.py","","25"
"app\utils\__init__.py","","0"
"app\utils\jwt.py","","31"
"app\utils\password.py","","19"
